model,accuracy,roc_auc
Logistic Regression,0.5806235250279468,0.5997611850640627
Random Forest,0.6248913178487144,0.6359168152297485
